{
  "project_info": {
    "project_number": "898140060533",
    "project_id": "dharti-enterprise",
    "storage_bucket": "dharti-enterprise.appspot.com"
  },
  "client": [
    {
      "client_info": {
        "mobilesdk_app_id": "1:898140060533:android:f40338ca94f0bedd97713c",
        "android_client_info": {
          "package_name": "com.axitsapplication.app"
        }
      },
      "oauth_client": [],
      "api_key": [
        {
          "current_key": "AIzaSyCwthnqAuJygr4kn6_Bb-CJMSZuIX8PHt4"
        }
      ],
      "services": {
        "appinvite_service": {
          "other_platform_oauth_client": []
        }
      }
    }
  ],
  "configuration_version": "1"
}